SEASON_ID,Player_ID,Game_ID,GAME_DATE,MATCHUP,WL,MIN,FGM,FGA,FG_PCT,FG3M,FG3A,FG3_PCT,FTM,FTA,FT_PCT,OREB,DREB,REB,AST,STL,BLK,TOV,PF,PTS,PLUS_MINUS,VIDEO_AVAILABLE
22024,1628973,0022401175,"APR 11, 2025",NYK vs. CLE,L,36,9,17,0.529,3,7,0.429,6,7,0.857,0,1,1,2,1,0,3,1,27,-6,1
22024,1628973,0022401167,"APR 10, 2025",NYK @ DET,L,29,5,15,0.333,3,9,0.333,2,5,0.4,2,0,2,5,0,2,3,2,15,-11,1
22024,1628973,0022401151,"APR 08, 2025",NYK vs. BOS,L,38,10,21,0.476,5,12,0.417,2,2,1.0,0,1,1,10,0,0,2,1,27,-2,1
22024,1628973,0022401140,"APR 06, 2025",NYK vs. PHX,W,34,3,9,0.333,1,4,0.25,8,10,0.8,0,2,2,6,1,0,3,2,15,9,1
22024,1628973,0022400903,"MAR 06, 2025",NYK @ LAL,L,41,13,26,0.5,1,7,0.143,12,13,0.923,0,4,4,10,0,0,3,2,39,-8,1
22024,1628973,0022400885,"MAR 04, 2025",NYK vs. GSW,L,37,9,18,0.5,1,7,0.143,6,7,0.857,0,2,2,7,1,0,4,1,25,-15,1
22024,1628973,0022400869,"MAR 02, 2025",NYK @ MIA,W,42,13,25,0.52,3,11,0.273,2,4,0.5,1,4,5,6,2,0,3,5,31,12,1
22024,1628973,0022400856,"FEB 28, 2025",NYK @ MEM,W,36,10,23,0.435,2,6,0.333,1,1,1.0,1,6,7,6,3,1,3,1,23,-2,1
22024,1628973,0022400838,"FEB 26, 2025",NYK vs. PHI,W,36,8,17,0.471,3,5,0.6,15,16,0.938,0,3,3,7,1,0,2,1,34,3,1
22024,1628973,0022400811,"FEB 23, 2025",NYK @ BOS,L,38,9,19,0.474,4,9,0.444,0,0,0.0,0,3,3,4,1,0,4,0,22,-9,1
22024,1628973,0022400797,"FEB 21, 2025",NYK @ CLE,L,28,10,17,0.588,2,4,0.5,4,4,1.0,0,4,4,4,1,0,3,3,26,-17,1
22024,1628973,0022400792,"FEB 20, 2025",NYK vs. CHI,W,38,8,21,0.381,2,9,0.222,4,4,1.0,0,3,3,12,1,1,2,1,22,3,1
22024,1628973,0022400773,"FEB 12, 2025",NYK vs. ATL,W,43,13,21,0.619,3,7,0.429,7,10,0.7,1,2,3,8,0,0,3,3,36,-11,1
22024,1628973,0022400765,"FEB 11, 2025",NYK @ IND,W,23,4,11,0.364,0,1,0.0,0,0,0.0,0,2,2,7,0,0,3,5,8,10,1
22024,1628973,0022400748,"FEB 08, 2025",NYK vs. BOS,L,36,10,18,0.556,3,7,0.429,13,13,1.0,0,0,0,5,0,0,2,1,36,-19,1
22024,1628973,0022400713,"FEB 04, 2025",NYK @ TOR,W,34,10,21,0.476,2,7,0.286,6,8,0.75,0,1,1,5,2,1,1,2,28,1,1
22024,1628973,0022400702,"FEB 03, 2025",NYK vs. HOU,W,37,14,27,0.519,1,4,0.25,13,14,0.929,2,4,6,10,2,0,4,1,42,12,1
22024,1628973,0022400692,"FEB 01, 2025",NYK vs. LAL,L,40,7,18,0.389,0,2,0.0,3,7,0.429,0,2,2,7,1,0,6,3,17,-17,1
22024,1628973,0022400668,"JAN 29, 2025",NYK vs. DEN,W,36,10,16,0.625,3,6,0.5,7,7,1.0,0,4,4,15,2,1,2,1,30,16,1
22024,1628973,0022400653,"JAN 27, 2025",NYK vs. MEM,W,25,8,14,0.571,4,6,0.667,0,2,0.0,1,0,1,6,2,0,1,4,20,14,1
22024,1628973,0022400641,"JAN 25, 2025",NYK vs. SAC,W,36,9,17,0.529,4,6,0.667,3,3,1.0,0,1,1,11,1,0,2,0,25,10,1
22024,1628973,0022400606,"JAN 21, 2025",NYK @ BKN,W,39,7,18,0.389,1,4,0.25,2,4,0.5,0,3,3,4,0,0,1,4,17,-5,1
22024,1628973,0022400602,"JAN 20, 2025",NYK vs. ATL,W,39,12,18,0.667,3,5,0.6,7,11,0.636,0,1,1,6,1,0,3,2,34,-4,1
22024,1628973,0022400578,"JAN 17, 2025",NYK vs. MIN,L,36,9,23,0.391,3,7,0.429,5,5,1.0,0,1,1,5,2,0,1,2,26,-16,1
22024,1628973,0022400561,"JAN 15, 2025",NYK @ PHI,W,45,14,22,0.636,3,6,0.5,7,9,0.778,1,4,5,4,2,0,5,1,38,7,1
22024,1628973,0022400549,"JAN 13, 2025",NYK vs. DET,L,39,12,24,0.5,1,7,0.143,6,8,0.75,0,4,4,11,1,0,4,3,31,-12,1
22024,1628973,0022400539,"JAN 12, 2025",NYK vs. MIL,W,29,16,26,0.615,5,10,0.5,7,8,0.875,1,4,5,6,1,0,1,0,44,23,1
22024,1628973,0022400529,"JAN 10, 2025",NYK vs. OKC,L,33,7,15,0.467,1,2,0.5,12,12,1.0,0,1,1,5,0,0,4,3,27,-23,1
22024,1628973,0022400511,"JAN 08, 2025",NYK vs. TOR,W,35,5,13,0.385,1,4,0.25,2,4,0.5,0,6,6,7,1,0,1,1,13,20,1
22024,1628973,0022400496,"JAN 06, 2025",NYK vs. ORL,L,36,8,21,0.381,0,1,0.0,8,10,0.8,1,0,1,4,1,0,2,6,24,-3,1
22024,1628973,0022400482,"JAN 04, 2025",NYK @ CHI,L,33,11,20,0.55,1,4,0.25,10,11,0.909,1,1,2,8,2,0,1,0,33,-18,1
22024,1628973,0022400473,"JAN 03, 2025",NYK @ OKC,L,40,9,23,0.391,0,5,0.0,4,6,0.667,1,2,3,9,1,0,3,2,22,-3,1
22024,1628973,0022400443,"DEC 30, 2024",NYK @ WAS,W,36,6,17,0.353,1,6,0.167,5,5,1.0,0,3,3,6,1,0,2,1,18,2,1
22024,1628973,0022400429,"DEC 28, 2024",NYK @ WAS,W,44,18,31,0.581,3,11,0.273,16,17,0.941,0,3,3,9,0,0,3,1,55,1,1
22024,1628973,0022400419,"DEC 27, 2024",NYK @ ORL,W,37,11,21,0.524,0,2,0.0,4,6,0.667,1,2,3,9,2,0,1,4,26,19,1
22024,1628973,0022400405,"DEC 25, 2024",NYK vs. SAS,W,38,7,23,0.304,0,5,0.0,6,7,0.857,1,6,7,9,1,0,1,2,20,4,1
22024,1628973,0022400397,"DEC 23, 2024",NYK vs. TOR,W,32,4,13,0.308,0,5,0.0,4,8,0.5,0,1,1,7,2,0,3,6,12,8,1
22024,1628973,0022400384,"DEC 21, 2024",NYK @ NOP,W,40,13,19,0.684,7,10,0.7,6,6,1.0,0,1,1,6,2,0,4,1,39,25,1
22024,1628973,0022400367,"DEC 19, 2024",NYK @ MIN,W,30,5,14,0.357,2,5,0.4,2,2,1.0,1,2,3,7,1,0,3,1,14,8,1
22024,1628973,0022401227,"DEC 15, 2024",NYK @ ORL,W,38,8,18,0.444,4,8,0.5,11,14,0.786,0,3,3,5,1,0,3,2,31,3,1
22024,1628973,0022401202,"DEC 11, 2024",NYK vs. ATL,L,36,5,15,0.333,2,6,0.333,2,3,0.667,1,3,4,8,1,1,2,0,14,0,1
22024,1628973,0022400359,"DEC 09, 2024",NYK @ TOR,W,35,7,13,0.538,4,8,0.5,2,5,0.4,0,4,4,11,0,0,3,1,20,-2,1
22024,1628973,0022400343,"DEC 07, 2024",NYK vs. DET,L,44,11,21,0.524,3,7,0.429,6,9,0.667,0,4,4,10,1,0,5,2,31,-10,1
22024,1628973,0022400327,"DEC 05, 2024",NYK vs. CHA,W,27,6,8,0.75,5,6,0.833,7,8,0.875,0,1,1,5,1,0,0,1,24,22,1
22024,1628973,0022400053,"DEC 03, 2024",NYK vs. ORL,W,27,8,15,0.533,1,3,0.333,4,4,1.0,1,1,2,4,0,0,3,3,21,24,1
22024,1628973,0022400308,"DEC 01, 2024",NYK vs. NOP,W,26,4,11,0.364,3,7,0.429,5,5,1.0,2,0,2,9,0,0,3,3,16,29,1
22024,1628973,0022400040,"NOV 29, 2024",NYK @ CHA,W,37,9,18,0.5,4,6,0.667,9,12,0.75,0,6,6,6,1,1,2,4,31,0,1
22024,1628973,0022400292,"NOV 27, 2024",NYK @ DAL,L,36,14,21,0.667,0,3,0.0,9,10,0.9,0,3,3,7,2,0,2,4,37,-12,1
22024,1628973,0022400283,"NOV 25, 2024",NYK @ DEN,W,38,8,14,0.571,4,5,0.8,3,3,1.0,0,3,3,17,0,0,2,2,23,19,1
22024,1628973,0022400264,"NOV 23, 2024",NYK @ UTA,L,37,8,19,0.421,2,9,0.222,5,5,1.0,0,2,2,8,1,0,2,3,23,-15,1
22024,1628973,0022400257,"NOV 20, 2024",NYK @ PHX,W,37,12,21,0.571,7,11,0.636,5,5,1.0,1,1,2,10,1,0,5,1,36,16,1
22024,1628973,0022400246,"NOV 18, 2024",NYK vs. WAS,W,30,9,15,0.6,5,9,0.556,3,3,1.0,0,1,1,11,1,0,0,1,26,26,1
22024,1628973,0022400240,"NOV 17, 2024",NYK vs. BKN,W,34,3,14,0.214,0,5,0.0,6,8,0.75,1,4,5,10,2,0,3,4,12,-1,1
22024,1628973,0022400014,"NOV 15, 2024",NYK vs. BKN,W,34,12,20,0.6,3,8,0.375,10,12,0.833,0,3,3,7,0,0,3,4,37,-1,1
22024,1628973,0022400219,"NOV 13, 2024",NYK vs. CHI,L,34,9,20,0.45,3,9,0.333,3,5,0.6,1,2,3,8,0,0,2,3,24,-13,1
22024,1628973,0022400004,"NOV 12, 2024",NYK @ PHI,W,35,5,15,0.333,0,4,0.0,8,8,1.0,0,3,3,5,1,0,6,1,18,7,1
22024,1628973,0022400203,"NOV 10, 2024",NYK @ IND,L,41,11,17,0.647,1,2,0.5,10,12,0.833,0,6,6,10,0,0,3,4,33,-8,1
22024,1628973,0022400189,"NOV 08, 2024",NYK vs. MIL,W,32,6,14,0.429,0,5,0.0,3,4,0.75,1,1,2,9,1,0,0,2,15,28,1
22024,1628973,0022400171,"NOV 06, 2024",NYK @ ATL,L,37,8,18,0.444,4,11,0.364,1,2,0.5,0,3,3,4,0,0,3,3,21,-5,1
22024,1628973,0022400161,"NOV 04, 2024",NYK @ HOU,L,42,9,24,0.375,2,4,0.5,9,9,1.0,1,2,3,8,1,0,1,2,29,-8,1
22024,1628973,0022400134,"NOV 01, 2024",NYK @ DET,W,31,14,22,0.636,6,8,0.75,2,4,0.5,0,1,1,5,2,0,2,2,36,23,1
22024,1628973,0022400122,"OCT 30, 2024",NYK @ MIA,W,36,6,18,0.333,3,7,0.429,7,8,0.875,0,2,2,9,0,0,1,0,22,5,1
22024,1628973,0022400106,"OCT 28, 2024",NYK vs. CLE,L,38,8,24,0.333,0,4,0.0,5,7,0.714,0,3,3,7,0,0,1,2,21,0,1
22024,1628973,0022400081,"OCT 25, 2024",NYK vs. IND,W,30,10,19,0.526,3,5,0.6,3,4,0.75,2,3,5,5,0,0,1,1,26,36,1
22024,1628973,0022400061,"OCT 22, 2024",NYK @ BOS,L,25,9,14,0.643,1,2,0.5,3,3,1.0,0,1,1,2,0,0,4,3,22,-23,1
